Instance_id,rating
1,5
2,5
3,1
4,5
5,3
6,5
7,5
8,5
9,5
10,5
11,5
12,5
13,5
14,5
15,5
16,5
17,5
18,5
19,5
20,5
21,1
22,1
23,5
24,5
25,3
26,5
27,5
28,1
29,3
30,3
31,3
32,5
33,5
34,3
35,5
36,5
37,5
38,5
39,3
40,3
41,5
42,5
43,5
44,3
45,5
46,5
47,5
48,3
49,5
50,5
51,5
52,5
53,5
54,5
55,5
56,5
57,3
58,5
59,5
60,5
61,5
62,5
63,5
64,5
65,5
66,5
67,3
68,1
69,1
70,5
71,5
72,5
73,5
74,5
75,1
76,5
77,5
78,1
79,3
80,5
81,3
82,5
83,5
84,5
85,5
86,5
87,5
88,5
89,3
90,5
91,1
92,3
93,5
94,5
95,5
96,3
97,5
98,5
99,5
100,5
101,5
102,5
103,1
104,1
105,5
106,5
107,5
108,1
109,5
110,5
111,1
112,5
113,3
114,3
115,3
116,3
117,5
118,5
119,5
120,1
121,5
122,5
123,5
124,1
125,5
126,3
127,5
128,3
129,3
130,3
131,5
132,5
133,5
134,5
135,3
136,5
137,5
138,5
139,5
140,5
141,5
142,5
143,5
144,5
145,5
146,1
147,5
148,5
149,5
150,5
151,3
152,5
153,1
154,5
155,5
156,5
157,5
158,5
159,3
160,5
161,5
162,5
163,5
164,3
165,5
166,3
167,5
168,5
169,5
170,5
171,3
172,5
173,5
174,5
175,5
176,5
177,3
178,5
179,5
180,5
181,5
182,5
183,5
184,1
185,3
186,5
187,5
188,5
189,5
190,1
191,5
192,5
193,5
194,1
195,5
196,5
197,1
198,5
199,5
200,1
201,5
202,3
203,5
204,5
205,5
206,1
207,5
208,5
209,5
210,5
211,5
212,5
213,5
214,5
215,5
216,5
217,5
218,1
219,3
220,1
221,5
222,1
223,3
224,3
225,5
226,5
227,3
228,5
229,5
230,5
231,5
232,5
233,5
234,5
235,3
236,3
237,5
238,5
239,5
240,5
241,1
242,5
243,5
244,5
245,5
246,3
247,5
248,1
249,5
250,5
251,5
252,1
253,5
254,3
255,5
256,5
257,5
258,5
259,3
260,5
261,5
262,5
263,5
264,5
265,5
266,3
267,1
268,5
269,3
270,5
271,5
272,5
273,1
274,5
275,5
276,1
277,5
278,5
279,1
280,5
281,5
282,1
283,3
284,1
285,5
286,5
287,5
288,1
289,3
290,5
291,5
292,5
293,5
294,5
295,5
296,3
297,1
298,5
299,5
300,5
301,5
302,5
303,3
304,5
305,3
306,5
307,5
308,5
309,5
310,1
311,5
312,3
313,5
314,1
315,5
316,5
317,3
318,5
319,5
320,1
321,5
322,5
323,5
324,5
325,3
326,5
327,1
328,5
329,3
330,5
331,5
332,5
333,5
334,3
335,5
336,3
337,5
338,5
339,5
340,3
341,1
342,5
343,5
344,5
345,5
346,5
347,5
348,5
349,5
350,5
351,5
352,3
353,5
354,5
355,5
356,5
357,3
358,5
359,1
360,5
361,5
362,5
363,5
364,5
365,1
366,3
367,5
368,5
369,5
370,5
371,5
372,1
373,5
374,1
375,3
376,5
377,5
378,5
379,5
380,5
381,3
382,3
383,1
384,5
385,5
386,5
387,5
388,5
389,5
390,5
391,5
392,3
393,5
394,5
395,5
396,5
397,5
398,5
399,5
400,5
401,5
402,3
403,5
404,5
405,5
406,5
407,5
408,3
409,5
410,5
411,1
412,3
413,5
414,5
415,3
416,3
417,5
418,5
419,5
420,5
421,5
422,5
423,5
424,5
425,5
426,3
427,5
428,5
429,5
430,5
431,5
432,3
433,5
434,5
435,5
436,5
437,1
438,3
439,5
440,3
441,5
442,5
443,5
444,5
445,3
446,5
447,5
448,5
449,1
450,5
451,5
452,3
453,5
454,5
455,5
456,5
457,3
458,5
459,5
460,5
461,5
462,3
463,5
464,5
465,5
466,1
467,5
468,5
469,5
470,5
471,5
472,5
473,1
474,5
475,5
476,5
477,5
478,1
479,1
480,5
481,5
482,5
483,5
484,5
485,3
486,3
487,5
488,5
489,5
490,3
491,5
492,5
493,1
494,5
495,5
496,5
497,5
498,5
499,5
500,5
501,1
502,5
503,5
504,5
505,5
506,5
507,5
508,5
509,5
510,1
511,1
512,3
513,1
514,5
515,5
516,3
517,5
518,5
519,5
520,3
521,5
522,5
523,5
524,5
525,3
526,3
527,1
528,5
529,5
530,5
531,5
532,5
533,5
534,5
535,3
536,5
537,3
538,3
539,1
540,5
541,3
542,5
543,1
544,5
545,5
546,5
547,1
548,3
549,5
550,5
551,5
552,5
553,5
554,5
555,5
556,1
557,5
558,5
559,5
560,5
561,5
562,5
563,5
564,5
565,5
566,5
567,5
568,1
569,5
570,3
571,5
572,5
573,5
574,5
575,5
576,5
577,5
578,5
579,5
580,5
581,5
582,5
583,5
584,5
585,5
586,5
587,5
588,3
589,5
590,3
591,5
592,5
593,3
594,1
595,5
596,5
597,1
598,1
599,5
600,5
601,5
602,5
603,3
604,3
605,5
606,5
607,5
608,5
609,5
610,1
611,5
612,5
613,5
614,5
615,5
616,5
617,5
618,5
619,5
620,5
621,5
622,5
623,5
624,5
625,5
626,5
627,5
628,3
629,3
630,5
631,5
632,5
633,5
634,5
635,5
636,5
637,3
638,5
639,5
640,5
641,3
642,1
643,5
644,5
645,5
646,5
647,5
648,5
649,5
650,5
651,5
652,5
653,1
654,3
655,5
656,5
657,5
658,1
659,5
660,5
661,5
662,3
663,5
664,5
665,5
666,3
667,5
668,5
669,3
670,5
671,1
672,5
673,5
674,5
675,3
676,5
677,5
678,5
679,3
680,5
681,5
682,5
683,5
684,1
685,3
686,5
687,3
688,5
689,5
690,5
691,5
692,5
693,5
694,5
695,3
696,3
697,5
698,5
699,5
700,3
701,5
702,5
703,5
704,5
705,5
706,3
707,5
708,5
709,5
710,5
711,5
712,5
713,5
714,5
715,5
716,5
717,5
718,5
719,5
720,5
721,5
722,5
723,5
724,3
725,1
726,5
727,5
728,5
729,5
730,5
731,5
732,5
733,5
734,5
735,5
736,5
737,3
738,5
739,5
740,5
741,5
742,5
743,5
744,5
745,5
746,5
747,5
748,1
749,5
750,5
751,5
752,5
753,1
754,5
755,5
756,3
757,5
758,1
759,5
760,5
761,1
762,5
763,5
764,5
765,5
766,5
767,5
768,3
769,1
770,3
771,5
772,5
773,5
774,5
775,5
776,5
777,5
778,3
779,3
780,5
781,5
782,5
783,5
784,5
785,5
786,5
787,5
788,5
789,5
790,5
791,5
792,5
793,3
794,5
795,5
796,5
797,5
798,5
799,5
800,5
801,5
802,3
803,5
804,5
805,5
806,5
807,5
808,5
809,3
810,5
811,5
812,3
813,5
814,5
815,5
816,5
817,5
818,3
819,5
820,5
821,5
822,5
823,5
824,5
825,5
826,3
827,5
828,1
829,3
830,5
831,3
832,5
833,3
834,5
835,5
836,5
837,5
838,5
839,5
840,5
841,5
842,5
843,5
844,5
845,1
846,5
847,5
848,5
849,3
850,5
851,5
852,5
853,5
854,3
855,3
856,5
857,3
858,5
859,1
860,5
861,5
862,5
863,5
864,5
865,5
866,5
867,3
868,5
869,5
870,5
871,5
872,5
873,3
874,5
875,5
876,5
877,5
878,5
879,5
880,5
881,3
882,5
883,5
884,5
885,5
886,5
887,1
888,5
889,5
890,5
891,1
892,5
893,5
894,5
895,3
896,5
897,5
898,5
899,5
900,5
901,5
902,5
903,3
904,5
905,5
906,5
907,3
908,1
909,5
910,3
911,5
912,5
913,5
914,5
915,5
916,3
917,5
918,5
919,3
920,3
921,5
922,5
923,5
924,5
925,5
926,5
927,5
928,5
929,3
930,5
931,5
932,5
933,5
934,5
935,5
936,5
937,5
938,5
939,1
940,5
941,5
942,1
943,5
944,5
945,1
946,5
947,3
948,5
949,5
950,5
951,3
952,5
953,5
954,5
955,3
956,5
957,5
958,5
959,5
960,5
961,1
962,5
963,5
964,5
965,5
966,5
967,5
968,5
969,5
970,5
971,5
972,3
973,5
974,5
975,3
976,3
977,3
978,3
979,5
980,5
981,5
982,5
983,5
984,5
985,5
986,5
987,5
988,5
989,5
990,5
991,5
992,5
993,5
994,5
995,5
996,5
997,3
998,3
999,3
1000,5
1001,5
1002,5
1003,5
1004,3
1005,5
1006,5
1007,5
1008,5
1009,5
1010,1
1011,5
1012,5
1013,5
1014,5
1015,5
1016,5
1017,5
1018,5
1019,5
1020,5
1021,1
1022,5
1023,5
1024,5
1025,5
1026,3
1027,1
1028,5
1029,5
1030,5
1031,5
1032,3
1033,5
1034,5
1035,3
1036,5
1037,5
1038,5
1039,5
1040,5
1041,5
1042,3
1043,5
1044,5
1045,1
1046,5
1047,5
1048,3
1049,5
1050,5
1051,5
1052,5
1053,5
1054,5
1055,5
1056,5
1057,3
1058,5
1059,5
1060,5
1061,3
1062,5
1063,5
1064,5
1065,5
1066,5
1067,5
1068,5
1069,5
1070,5
1071,5
1072,5
1073,5
1074,5
1075,5
1076,1
1077,3
1078,3
1079,5
1080,5
1081,5
1082,5
1083,5
1084,5
1085,5
1086,5
1087,5
1088,5
1089,1
1090,5
1091,5
1092,5
1093,5
1094,5
1095,1
1096,5
1097,3
1098,5
1099,5
1100,5
1101,5
1102,5
1103,5
1104,5
1105,1
1106,5
1107,5
1108,5
1109,1
1110,3
1111,5
1112,5
1113,5
1114,5
1115,5
1116,3
1117,1
1118,5
1119,3
1120,3
1121,1
1122,5
1123,1
1124,5
1125,1
1126,3
1127,5
1128,5
1129,5
1130,5
1131,5
1132,1
1133,5
1134,5
1135,1
1136,5
1137,1
1138,5
1139,5
1140,5
1141,5
1142,5
1143,1
1144,5
1145,5
1146,5
1147,5
1148,3
1149,5
1150,5
1151,5
1152,5
1153,3
1154,5
1155,3
1156,5
1157,5
1158,5
1159,5
1160,5
1161,3
1162,5
1163,1
1164,3
1165,5
1166,5
1167,5
1168,3
1169,5
1170,5
1171,5
1172,5
1173,5
1174,1
1175,5
1176,5
1177,5
1178,3
1179,5
1180,5
1181,5
1182,5
1183,5
1184,5
1185,3
1186,5
1187,1
1188,5
1189,5
1190,5
1191,5
1192,5
1193,1
1194,5
1195,5
1196,5
1197,1
1198,5
1199,5
1200,3
1201,5
1202,5
1203,5
1204,5
1205,3
1206,5
1207,5
1208,5
1209,5
1210,5
1211,5
1212,1
1213,5
1214,5
1215,5
1216,5
1217,3
1218,5
1219,3
1220,5
1221,1
1222,5
1223,5
1224,5
1225,5
1226,5
1227,3
1228,5
1229,5
1230,5
1231,5
1232,1
1233,5
1234,3
1235,5
1236,5
1237,3
1238,5
1239,5
1240,5
1241,5
1242,5
1243,3
1244,5
1245,5
1246,5
1247,5
1248,5
1249,5
1250,5
1251,3
1252,5
1253,5
1254,5
1255,5
1256,5
1257,5
1258,5
1259,5
1260,5
1261,5
1262,5
1263,5
1264,5
1265,5
1266,5
1267,1
1268,5
1269,5
1270,5
1271,5
1272,5
1273,5
1274,3
1275,5
1276,1
1277,5
1278,1
1279,5
1280,5
1281,5
1282,5
1283,5
1284,5
1285,5
1286,5
1287,5
1288,5
1289,5
1290,5
1291,5
1292,1
1293,5
1294,5
1295,5
1296,5
1297,5
1298,5
1299,5
1300,5
1301,5
1302,5
1303,5
1304,5
1305,5
1306,5
1307,5
1308,5
1309,5
1310,5
1311,5
1312,5
1313,3
1314,5
1315,1
1316,5
1317,1
1318,5
1319,3
1320,5
1321,5
1322,5
1323,5
1324,5
1325,5
1326,5
1327,3
1328,5
1329,1
1330,3
1331,5
1332,5
1333,5
1334,5
1335,5
1336,3
1337,5
1338,5
1339,3
1340,5
1341,3
1342,5
1343,3
1344,5
1345,5
1346,5
1347,1
1348,5
1349,5
1350,5
1351,3
1352,5
1353,5
1354,5
1355,5
1356,1
1357,5
1358,5
1359,5
1360,5
1361,1
1362,5
1363,5
1364,5
1365,5
1366,3
1367,3
1368,5
1369,5
1370,5
1371,5
1372,5
1373,5
1374,5
1375,5
1376,5
1377,5
1378,5
1379,5
1380,5
1381,5
1382,1
1383,5
1384,5
1385,1
1386,5
1387,1
1388,5
1389,5
1390,5
1391,3
1392,3
1393,3
1394,3
1395,5
1396,5
1397,3
1398,5
1399,5
1400,1
1401,3
1402,5
1403,5
1404,5
1405,5
1406,5
1407,3
1408,5
1409,5
1410,1
1411,5
1412,5
1413,5
1414,5
1415,5
1416,5
1417,5
1418,3
1419,5
1420,5
1421,3
1422,5
1423,5
1424,5
1425,3
1426,5
1427,5
1428,5
1429,5
1430,5
1431,5
1432,5
1433,5
1434,5
1435,5
1436,5
1437,5
1438,5
1439,5
1440,5
1441,5
1442,5
1443,5
1444,5
1445,1
1446,3
1447,3
1448,5
1449,5
1450,5
1451,5
1452,3
1453,5
1454,1
1455,5
1456,5
1457,1
1458,5
1459,1
1460,1
1461,5
1462,5
1463,5
1464,5
1465,5
1466,5
1467,5
1468,1
1469,5
1470,5
1471,5
1472,5
1473,1
1474,5
1475,5
1476,5
1477,3
1478,5
1479,1
1480,3
1481,5
1482,3
1483,5
1484,5
1485,5
1486,5
1487,5
1488,5
1489,5
1490,1
1491,5
1492,5
1493,5
1494,5
1495,5
1496,1
1497,5
1498,5
1499,5
1500,5
1501,5
1502,5
1503,1
1504,5
1505,5
1506,5
1507,5
1508,5
1509,3
1510,5
1511,1
1512,5
1513,5
1514,5
1515,5
1516,5
1517,5
1518,5
1519,5
1520,5
1521,5
1522,5
1523,5
1524,5
1525,5
1526,5
1527,5
1528,5
1529,5
1530,5
1531,5
1532,5
1533,5
1534,5
1535,3
1536,5
1537,5
1538,5
1539,5
1540,3
1541,3
1542,5
1543,5
1544,5
1545,3
1546,5
1547,5
1548,5
1549,5
1550,5
1551,3
1552,5
1553,5
1554,1
1555,5
1556,5
1557,5
1558,5
1559,1
1560,5
1561,5
1562,3
1563,1
1564,5
1565,5
1566,5
1567,5
1568,3
1569,5
1570,3
1571,5
1572,1
1573,1
1574,5
1575,5
1576,5
1577,1
1578,5
1579,5
1580,5
1581,5
1582,5
1583,5
1584,5
1585,5
1586,5
1587,5
1588,5
1589,5
1590,5
1591,5
1592,5
1593,3
1594,5
1595,1
1596,1
1597,5
1598,5
1599,5
1600,5
1601,5
1602,3
1603,5
1604,5
1605,3
1606,5
1607,5
1608,3
1609,5
1610,5
1611,5
1612,5
1613,5
1614,3
1615,5
1616,5
1617,5
1618,5
1619,3
1620,5
1621,5
1622,5
1623,5
1624,1
1625,5
1626,5
1627,3
1628,5
1629,5
1630,5
1631,5
1632,1
1633,1
1634,5
1635,1
1636,1
1637,5
1638,5
1639,5
1640,3
1641,5
1642,5
1643,5
1644,5
1645,5
1646,5
1647,5
1648,1
1649,3
1650,5
1651,5
1652,5
1653,5
1654,5
1655,3
1656,5
1657,5
1658,5
1659,5
1660,5
1661,5
1662,3
1663,5
1664,5
1665,5
1666,5
1667,5
1668,5
1669,5
1670,5
1671,1
1672,5
1673,5
1674,5
1675,3
1676,5
1677,5
1678,3
1679,5
1680,5
1681,5
1682,5
1683,3
1684,5
1685,5
1686,5
1687,5
1688,5
1689,5
1690,5
1691,5
1692,5
1693,5
1694,5
1695,5
1696,1
1697,5
1698,3
1699,5
1700,5
1701,5
1702,5
1703,5
1704,3
1705,1
1706,5
1707,5
1708,3
1709,5
1710,3
1711,1
1712,3
1713,5
1714,1
1715,5
1716,5
1717,1
1718,5
1719,5
1720,5
1721,5
1722,5
1723,3
1724,5
1725,1
1726,5
1727,5
1728,5
1729,5
1730,1
1731,3
1732,3
1733,5
1734,5
1735,3
1736,5
1737,5
1738,5
1739,1
1740,1
1741,5
1742,5
1743,3
1744,5
1745,5
1746,5
1747,5
1748,5
1749,3
1750,5
1751,5
1752,5
1753,5
1754,1
1755,5
1756,5
1757,3
1758,5
1759,1
1760,5
1761,5
1762,5
1763,3
1764,3
1765,5
1766,5
1767,5
1768,1
1769,1
1770,5
1771,5
1772,5
1773,5
1774,5
1775,5
1776,5
1777,3
1778,5
1779,5
1780,3
1781,5
1782,5
1783,5
1784,1
1785,5
1786,3
1787,3
1788,5
1789,5
1790,5
1791,5
1792,5
1793,3
1794,5
1795,5
1796,5
1797,1
1798,5
1799,1
1800,5
1801,5
1802,5
1803,5
1804,5
1805,5
1806,5
1807,5
1808,5
1809,5
1810,5
1811,3
1812,5
1813,5
1814,5
1815,5
1816,5
1817,5
1818,1
1819,5
1820,5
1821,5
1822,5
1823,5
1824,3
1825,5
1826,5
1827,5
1828,5
1829,5
1830,1
1831,5
1832,5
1833,3
1834,5
1835,5
1836,5
1837,1
1838,5
1839,5
1840,3
1841,5
1842,5
1843,5
1844,1
1845,5
1846,5
1847,5
1848,5
1849,5
1850,1
1851,5
1852,5
1853,3
1854,5
1855,5
1856,5
1857,1
1858,5
1859,5
1860,5
1861,5
1862,5
1863,5
1864,5
1865,5
1866,1
1867,5
1868,5
1869,5
1870,5
1871,5
1872,1
1873,5
1874,3
1875,5
1876,5
1877,5
1878,5
1879,5
1880,5
1881,3
1882,3
1883,5
1884,1
1885,5
1886,5
1887,5
1888,5
1889,3
1890,5
1891,5
1892,5
1893,3
1894,1
1895,3
1896,5
1897,3
1898,5
1899,5
1900,3
1901,5
1902,5
1903,5
1904,5
1905,1
1906,5
1907,5
1908,5
1909,3
1910,5
1911,5
1912,5
1913,1
1914,5
1915,5
1916,5
1917,5
1918,5
1919,3
1920,1
1921,5
1922,3
1923,1
1924,5
1925,5
1926,5
1927,5
1928,5
1929,1
1930,5
1931,5
1932,5
1933,5
1934,3
1935,5
1936,5
1937,1
1938,5
1939,1
1940,5
1941,5
1942,5
1943,5
1944,5
1945,5
1946,5
1947,1
1948,3
1949,5
1950,3
1951,5
1952,5
1953,5
1954,5
1955,5
1956,5
1957,5
1958,5
1959,5
1960,5
1961,5
1962,5
1963,5
1964,5
1965,3
1966,5
1967,5
1968,5
1969,5
1970,5
1971,5
1972,5
1973,5
1974,5
1975,5
1976,5
1977,5
1978,5
1979,5
1980,5
1981,5
1982,5
1983,5
1984,5
1985,5
1986,5
1987,5
1988,5
1989,5
1990,5
1991,3
1992,5
1993,5
1994,5
1995,5
1996,5
1997,5
1998,5
1999,3
2000,5
2001,5
2002,3
2003,5
2004,5
2005,5
2006,5
2007,3
2008,5
2009,5
2010,5
2011,5
2012,5
2013,5
2014,3
2015,5
2016,5
2017,5
2018,5
2019,5
2020,5
2021,5
2022,5
2023,5
2024,5
2025,5
2026,5
2027,5
2028,3
2029,5
2030,5
2031,5
2032,5
2033,5
2034,5
2035,5
2036,5
2037,3
2038,5
2039,5
2040,1
2041,5
2042,3
2043,5
2044,5
2045,5
2046,5
2047,5
2048,5
2049,1
2050,5
2051,5
2052,5
2053,5
2054,5
2055,5
2056,5
2057,5
2058,5
2059,1
2060,5
2061,5
2062,3
2063,5
2064,5
2065,5
2066,5
2067,1
2068,5
2069,3
2070,1
2071,3
2072,3
2073,5
2074,5
2075,3
2076,5
2077,5
2078,5
2079,5
2080,5
2081,3
2082,5
2083,5
2084,5
2085,3
2086,5
2087,3
2088,5
2089,3
2090,5
2091,3
2092,5
2093,3
2094,5
2095,5
2096,5
2097,3
2098,3
2099,5
2100,5
2101,5
2102,5
2103,5
2104,3
2105,5
2106,5
2107,5
2108,1
2109,5
2110,5
2111,5
2112,5
2113,5
2114,5
2115,3
2116,5
2117,1
2118,1
2119,5
2120,5
2121,1
2122,5
2123,5
2124,3
2125,5
2126,5
2127,5
2128,5
2129,1
2130,5
2131,5
2132,5
2133,5
2134,5
2135,3
2136,5
2137,3
2138,5
2139,5
2140,3
2141,5
2142,5
2143,5
2144,5
2145,5
2146,1
2147,5
2148,5
2149,5
2150,5
2151,1
2152,5
2153,5
2154,5
2155,5
2156,5
2157,5
2158,5
2159,1
2160,5
2161,5
2162,5
2163,1
2164,3
2165,5
2166,5
2167,5
2168,5
2169,5
2170,3
2171,1
2172,5
2173,5
2174,1
2175,5
2176,5
2177,3
2178,3
2179,1
2180,5
2181,5
2182,5
2183,5
2184,5
2185,5
2186,5
2187,5
2188,5
2189,1
2190,5
2191,5
2192,5
2193,5
2194,5
2195,1
2196,5
2197,3
2198,5
2199,5
2200,1
2201,5
2202,5
2203,3
2204,5
2205,5
2206,5
2207,5
2208,5
2209,5
2210,5
2211,3
2212,1
2213,5
2214,5
2215,5
2216,3
2217,5
2218,5
2219,5
2220,1
2221,3
2222,3
2223,5
2224,5
2225,3
2226,5
2227,5
2228,5
2229,5
2230,5
2231,5
2232,5
2233,1
2234,5
2235,5
2236,3
2237,5
2238,5
2239,5
2240,5
2241,5
2242,5
2243,5
2244,5
2245,5
2246,5
2247,5
2248,5
2249,5
2250,1
2251,5
2252,5
2253,5
2254,5
2255,5
2256,5
2257,5
2258,5
2259,5
2260,5
2261,5
2262,5
2263,5
2264,5
2265,1
2266,5
2267,5
2268,5
2269,5
2270,5
2271,5
2272,5
2273,5
2274,5
2275,5
2276,1
2277,1
2278,3
2279,1
2280,1
2281,3
2282,3
2283,1
2284,5
2285,5
2286,5
2287,5
2288,3
2289,5
2290,5
2291,5
2292,5
2293,5
2294,5
2295,5
2296,3
2297,5
2298,5
2299,5
2300,5
2301,5
2302,3
2303,5
2304,1
2305,5
2306,5
2307,5
2308,1
2309,5
2310,5
2311,1
2312,5
2313,5
2314,5
2315,5
2316,5
2317,3
2318,5
2319,5
2320,5
2321,5
2322,5
2323,3
2324,5
2325,5
2326,5
2327,5
2328,1
2329,3
2330,5
2331,5
2332,5
2333,3
2334,5
2335,5
2336,3
2337,5
2338,5
2339,5
2340,5
2341,5
2342,5
2343,5
2344,5
2345,5
2346,5
2347,5
2348,3
2349,5
2350,5
2351,5
2352,5
2353,5
2354,5
2355,5
2356,5
2357,5
2358,5
2359,3
2360,5
2361,5
2362,5
2363,5
2364,5
2365,5
2366,5
2367,5
2368,5
2369,3
2370,3
2371,3
2372,5
2373,5
2374,5
2375,5
2376,5
2377,5
2378,5
2379,5
2380,5
2381,5
2382,5
2383,5
2384,3
2385,5
2386,3
2387,3
2388,5
2389,5
2390,5
2391,5
2392,5
2393,5
2394,3
2395,1
2396,5
2397,5
2398,5
2399,5
2400,5
2401,1
2402,3
2403,5
2404,5
2405,1
2406,5
2407,5
2408,5
2409,5
2410,5
2411,5
2412,5
2413,5
2414,3
2415,5
2416,5
2417,5
2418,1
2419,5
2420,5
2421,5
2422,3
2423,5
2424,3
2425,5
2426,5
2427,5
2428,3
2429,5
2430,5
2431,3
2432,5
2433,5
2434,5
2435,5
2436,5
2437,5
2438,3
2439,1
2440,5
2441,5
2442,5
2443,5
2444,5
2445,5
2446,5
2447,5
2448,1
2449,5
2450,5
2451,5
2452,5
2453,5
2454,1
2455,5
2456,5
2457,5
2458,5
2459,5
2460,5
2461,5
2462,3
2463,5
2464,5
2465,5
2466,3
2467,5
2468,5
2469,5
2470,5
2471,3
2472,1
2473,1
2474,5
2475,5
2476,5
2477,5
2478,5
2479,5
2480,5
2481,5
2482,5
2483,5
2484,5
2485,5
2486,5
2487,3
2488,5
2489,5
2490,5
2491,5
2492,5
2493,5
2494,5
2495,5
2496,5
2497,5
2498,5
2499,5
2500,5
2501,5
2502,5
2503,3
2504,5
2505,5
2506,5
2507,1
2508,1
2509,3
2510,1
2511,5
2512,5
2513,5
2514,5
2515,3
2516,3
2517,5
2518,3
2519,5
2520,3
2521,5
2522,5
2523,5
2524,1
2525,5
2526,5
2527,3
2528,5
2529,5
2530,5
2531,5
2532,5
2533,5
2534,3
2535,5
2536,5
2537,5
2538,1
2539,5
2540,5
2541,5
2542,5
2543,5
2544,5
2545,5
2546,5
2547,5
2548,5
2549,5
2550,5
2551,3
2552,5
2553,5
2554,5
2555,3
2556,5
2557,5
2558,5
2559,5
2560,5
2561,1
2562,5
2563,5
2564,5
2565,5
2566,1
2567,5
2568,5
2569,5
2570,5
2571,5
2572,5
2573,1
2574,5
2575,5
2576,3
2577,5
2578,1
2579,5
2580,5
2581,5
2582,5
2583,5
2584,1
2585,5
2586,5
2587,5
2588,5
2589,5
2590,5
2591,5
2592,5
2593,5
2594,5
2595,5
2596,5
2597,5
2598,5
2599,5
2600,3
2601,5
2602,5
2603,5
2604,5
2605,5
2606,5
2607,5
2608,5
2609,5
2610,5
2611,5
2612,5
2613,5
2614,5
2615,5
2616,5
2617,5
2618,5
2619,5
2620,5
2621,5
2622,5
2623,5
2624,5
2625,5
2626,5
2627,3
2628,3
2629,5
2630,1
2631,3
2632,5
2633,5
2634,5
2635,1
2636,1
2637,5
2638,3
2639,5
2640,5
2641,5
2642,3
2643,3
2644,5
2645,5
2646,5
2647,5
2648,1
2649,5
2650,1
2651,5
2652,5
2653,5
2654,1
2655,1
2656,3
2657,5
2658,5
2659,5
2660,5
2661,5
2662,1
2663,5
2664,3
2665,3
2666,5
2667,5
2668,5
2669,5
2670,5
2671,1
2672,3
2673,5
2674,1
2675,5
2676,5
2677,5
2678,5
2679,5
2680,5
2681,5
2682,5
2683,5
2684,5
2685,5
2686,5
2687,5
2688,5
2689,5
2690,5
2691,5
2692,1
2693,1
2694,5
2695,1
2696,5
2697,5
2698,3
2699,5
2700,5
2701,5
2702,5
2703,3
2704,5
2705,1
2706,5
2707,5
2708,5
2709,5
2710,5
2711,3
2712,3
2713,3
2714,5
2715,5
2716,5
2717,5
2718,1
2719,1
2720,5
2721,3
2722,5
2723,5
2724,5
2725,3
2726,1
2727,5
2728,5
2729,3
2730,5
2731,5
2732,1
2733,5
2734,5
2735,1
2736,5
2737,3
2738,5
2739,5
2740,5
2741,3
2742,3
2743,5
2744,1
2745,5
2746,3
2747,5
2748,5
2749,5
2750,5
2751,5
2752,5
2753,5
2754,5
2755,5
2756,5
2757,5
2758,5
2759,5
2760,5
2761,5
2762,5
2763,1
2764,3
2765,5
2766,5
2767,1
2768,1
2769,5
2770,1
2771,5
2772,5
2773,5
2774,5
2775,1
2776,5
2777,5
2778,5
2779,5
2780,5
2781,5
2782,5
2783,1
2784,5
2785,5
2786,3
2787,3
2788,5
2789,5
2790,5
2791,5
2792,5
2793,5
2794,5
2795,5
2796,1
2797,5
2798,5
2799,3
2800,5
2801,5
2802,5
2803,5
2804,5
2805,5
2806,5
2807,1
2808,3
2809,5
2810,3
2811,5
2812,5
2813,5
2814,5
2815,5
2816,5
2817,1
2818,5
2819,5
2820,3
2821,5
2822,5
2823,5
2824,5
2825,5
2826,5
2827,5
2828,5
2829,5
2830,5
2831,5
2832,1
2833,5
2834,5
2835,5
2836,5
2837,5
2838,5
2839,5
2840,1
2841,5
2842,5
2843,3
2844,5
2845,5
2846,5
2847,5
2848,5
2849,5
2850,1
2851,5
2852,5
2853,5
2854,3
2855,5
2856,5
2857,5
2858,5
2859,5
2860,5
2861,5
2862,3
2863,3
2864,5
2865,1
2866,5
2867,5
2868,5
2869,5
2870,5
2871,1
2872,5
2873,5
2874,5
2875,5
2876,3
2877,5
2878,5
2879,5
2880,3
2881,5
2882,5
2883,3
2884,5
2885,1
2886,5
2887,5
2888,5
2889,3
2890,5
2891,5
2892,5
2893,3
2894,5
2895,5
2896,5
2897,5
2898,5
2899,5
2900,5
2901,5
2902,5
2903,5
2904,5
2905,5
2906,5
2907,5
2908,5
2909,5
2910,5
2911,5
2912,5
2913,5
2914,5
2915,1
2916,5
2917,5
2918,5
2919,5
2920,5
2921,5
2922,5
2923,5
2924,5
2925,5
2926,5
2927,5
2928,5
2929,5
2930,5
2931,5
2932,3
2933,5
2934,5
2935,5
2936,5
2937,5
2938,3
2939,5
2940,3
2941,5
2942,5
2943,5
2944,3
2945,5
2946,5
2947,5
2948,5
2949,5
2950,5
2951,5
2952,3
2953,5
2954,5
2955,5
2956,5
2957,5
2958,5
2959,1
2960,5
2961,3
2962,5
2963,5
2964,3
2965,3
2966,3
2967,5
2968,5
2969,5
2970,5
2971,5
2972,5
2973,5
2974,5
2975,5
2976,5
2977,5
2978,5
2979,5
2980,5
2981,3
2982,1
2983,5
2984,1
2985,5
2986,5
2987,5
2988,5
2989,5
2990,5
2991,5
2992,5
2993,5
2994,5
2995,3
2996,5
2997,5
2998,5
2999,5
3000,5
3001,5
3002,5
3003,3
3004,5
3005,5
3006,5
3007,5
3008,3
3009,5
3010,3
3011,5
3012,1
3013,5
3014,3
3015,5
3016,3
3017,5
3018,1
3019,1
3020,1
3021,5
3022,3
3023,3
3024,5
3025,3
3026,5
3027,5
3028,3
3029,5
3030,5
3031,5
3032,5
3033,5
3034,5
3035,5
3036,5
3037,5
3038,5
3039,1
3040,5
3041,5
3042,5
3043,3
3044,5
3045,3
3046,3
3047,3
3048,3
3049,5
3050,5
3051,5
3052,3
3053,3
3054,5
3055,5
3056,5
3057,5
3058,5
3059,5
3060,5
3061,3
3062,5
3063,5
3064,5
3065,5
3066,5
3067,5
3068,1
3069,5
3070,5
3071,5
3072,3
3073,5
3074,5
3075,3
3076,5
3077,5
3078,5
3079,5
3080,5
3081,3
3082,5
3083,5
3084,5
3085,5
3086,5
3087,5
3088,5
3089,5
3090,5
3091,5
3092,5
3093,5
3094,3
3095,3
3096,5
3097,5
3098,5
3099,5
3100,5
3101,5
3102,3
3103,5
3104,5
3105,5
3106,5
3107,5
3108,5
3109,5
3110,3
3111,5
3112,5
3113,5
3114,5
3115,5
3116,3
3117,5
3118,3
3119,5
3120,5
3121,3
3122,1
3123,1
3124,5
3125,5
3126,1
3127,5
3128,5
3129,5
3130,5
3131,3
3132,5
3133,5
3134,5
3135,5
3136,5
3137,5
3138,5
3139,1
3140,1
3141,5
3142,3
3143,1
3144,5
3145,5
3146,5
3147,5
3148,5
3149,3
3150,1
3151,5
3152,5
3153,3
3154,1
3155,3
3156,1
3157,3
3158,5
3159,3
3160,1
3161,5
3162,3
3163,5
3164,5
3165,5
3166,5
3167,1
3168,5
3169,5
3170,3
3171,5
3172,3
3173,5
3174,5
3175,3
3176,3
3177,1
3178,5
3179,5
3180,5
3181,5
3182,3
3183,3
3184,1
3185,5
3186,1
3187,5
3188,5
3189,3
3190,5
3191,5
3192,5
3193,5
3194,1
3195,5
3196,5
3197,3
3198,5
3199,3
3200,5
3201,5
3202,5
3203,5
3204,5
3205,3
3206,5
3207,3
3208,5
3209,3
3210,5
3211,1
3212,3
3213,5
3214,5
3215,3
3216,1
3217,3
3218,1
3219,5
3220,3
3221,1
3222,5
3223,3
3224,5
3225,5
3226,3
3227,5
3228,5
3229,1
3230,5
3231,5
3232,5
3233,5
3234,5
3235,3
3236,5
3237,5
3238,5
3239,5
3240,5
3241,5
3242,5
3243,5
3244,5
3245,3
3246,5
3247,3
3248,5
3249,5
3250,3
3251,5
3252,5
3253,5
3254,3
3255,5
3256,3
3257,5
3258,5
3259,5
3260,5
3261,5
3262,5
3263,5
3264,3
3265,5
3266,5
3267,5
3268,3
3269,5
3270,5
3271,5
3272,5
3273,5
3274,5
3275,3
3276,5
3277,5
3278,5
3279,5
3280,5
3281,5
3282,5
3283,5
3284,5
3285,5
3286,5
3287,5
3288,5
3289,3
3290,5
3291,5
3292,5
3293,5
3294,5
3295,3
3296,5
3297,5
3298,5
3299,5
3300,5
3301,5
3302,5
3303,5
3304,5
3305,5
3306,5
3307,5
3308,5
3309,5
3310,1
3311,5
3312,5
3313,3
3314,5
3315,5
3316,1
3317,3
3318,1
3319,5
3320,5
3321,5
3322,5
3323,5
3324,3
3325,5
3326,5
3327,5
3328,5
3329,1
3330,5
3331,5
3332,5
3333,1
3334,5
3335,5
3336,5
3337,3
3338,1
3339,5
3340,3
3341,5
3342,3
3343,5
3344,5
3345,5
3346,5
3347,5
3348,3
3349,3
3350,5
3351,1
3352,5
3353,5
3354,5
3355,1
3356,5
3357,3
3358,5
3359,5
3360,5
3361,5
3362,5
3363,5
3364,1
3365,5
3366,5
3367,5
3368,1
3369,5
3370,5
3371,5
3372,5
3373,5
3374,5
3375,5
3376,5
3377,3
3378,5
3379,1
3380,3
3381,5
3382,5
3383,5
3384,5
3385,5
3386,5
3387,5
3388,5
3389,3
3390,5
3391,3
3392,3
3393,5
3394,5
3395,5
3396,5
3397,3
3398,1
3399,5
3400,5
3401,5
3402,5
3403,5
3404,5
3405,5
3406,5
3407,5
3408,5
3409,5
3410,5
3411,5
3412,5
3413,5
3414,5
3415,3
3416,1
3417,5
3418,5
3419,1
3420,5
3421,1
3422,5
3423,5
3424,3
3425,5
3426,5
3427,5
3428,3
3429,5
3430,5
3431,1
3432,5
3433,5
3434,3
3435,5
3436,5
3437,5
3438,5
3439,5
3440,5
3441,5
3442,5
3443,5
3444,5
3445,5
3446,5
3447,3
3448,1
3449,3
3450,5
3451,3
3452,5
3453,5
3454,5
3455,3
3456,5
3457,5
3458,1
3459,5
3460,3
3461,3
3462,5
3463,5
3464,3
3465,5
3466,3
3467,5
3468,5
3469,5
3470,5
3471,5
3472,1
3473,5
3474,5
3475,3
3476,5
3477,5
3478,5
3479,5
3480,3
3481,3
3482,5
3483,1
3484,5
3485,3
3486,1
3487,5
3488,3
3489,5
3490,5
3491,3
3492,5
3493,5
3494,5
3495,5
3496,5
3497,5
3498,5
3499,1
3500,3
3501,5
3502,3
3503,1
3504,5
3505,5
3506,1
3507,5
3508,5
3509,5
3510,5
3511,1
3512,5
3513,5
3514,5
3515,5
3516,3
3517,5
3518,3
3519,5
3520,5
3521,5
3522,5
3523,3
3524,5
3525,5
3526,5
3527,5
3528,5
3529,5
3530,5
3531,5
3532,5
3533,5
3534,5
3535,5
3536,1
3537,5
3538,3
3539,5
3540,5
3541,5
3542,3
3543,5
3544,5
3545,3
3546,5
3547,5
3548,5
3549,5
3550,5
3551,3
3552,1
3553,5
3554,3
3555,5
3556,3
3557,5
3558,1
3559,5
3560,5
3561,5
3562,5
3563,5
3564,5
3565,5
3566,3
3567,5
3568,5
3569,5
3570,5
3571,5
3572,5
3573,5
3574,5
3575,5
3576,5
3577,5
3578,5
3579,5
3580,5
3581,5
3582,1
3583,1
3584,5
3585,5
3586,5
3587,5
3588,5
3589,1
3590,5
3591,5
3592,5
3593,1
3594,1
3595,3
3596,5
3597,5
3598,5
3599,5
3600,3
3601,5
3602,3
3603,5
3604,5
3605,5
3606,5
3607,3
3608,5
3609,5
3610,3
3611,5
3612,5
3613,5
3614,5
3615,3
3616,5
3617,5
3618,5
3619,5
3620,5
3621,3
3622,5
3623,5
3624,5
3625,5
3626,5
3627,3
3628,5
3629,5
3630,5
3631,5
3632,5
3633,5
3634,5
3635,5
3636,1
3637,5
3638,3
3639,5
3640,5
3641,3
3642,5
3643,5
3644,3
3645,5
3646,5
3647,3
3648,5
3649,5
3650,5
3651,3
3652,5
3653,3
3654,3
3655,5
3656,5
3657,5
3658,5
3659,3
3660,5
3661,5
3662,5
3663,1
3664,5
3665,5
3666,3
3667,5
3668,5
3669,5
3670,3
3671,5
3672,5
3673,5
3674,1
3675,5
3676,5
3677,3
3678,1
3679,5
3680,5
3681,5
3682,5
3683,5
3684,5
3685,5
3686,5
3687,5
3688,5
3689,1
3690,5
3691,5
3692,5
3693,3
3694,5
3695,1
3696,5
3697,5
3698,5
3699,5
3700,5
3701,5
3702,5
3703,5
3704,5
3705,5
3706,3
3707,5
3708,5
3709,5
3710,5
3711,5
3712,5
3713,5
3714,3
3715,5
3716,5
3717,3
3718,5
3719,5
3720,5
3721,5
3722,5
3723,3
3724,5
3725,3
3726,3
3727,5
3728,5
3729,5
3730,5
3731,5
3732,5
3733,3
3734,5
3735,5
3736,5
3737,5
3738,5
3739,3
3740,5
3741,5
3742,5
3743,5
3744,5
3745,5
3746,5
3747,5
3748,5
3749,5
3750,5
3751,5
3752,5
3753,1
3754,5
3755,5
3756,5
3757,1
3758,5
3759,1
3760,5
3761,5
3762,5
3763,5
3764,5
3765,5
3766,5
3767,5
3768,3
3769,3
3770,5
3771,5
3772,5
3773,5
3774,5
3775,3
3776,5
3777,5
3778,1
3779,5
3780,5
3781,5
3782,5
3783,5
3784,3
3785,1
3786,5
3787,1
3788,5
3789,5
3790,3
3791,1
3792,5
3793,3
3794,5
3795,5
3796,5
3797,5
3798,1
3799,5
3800,1
3801,5
3802,3
3803,5
3804,5
3805,3
3806,5
3807,3
3808,3
3809,5
3810,5
3811,5
3812,5
3813,1
3814,5
3815,3
3816,3
3817,1
3818,5
3819,5
3820,5
3821,5
3822,5
3823,5
3824,5
3825,5
3826,5
3827,1
3828,5
3829,1
3830,5
3831,5
3832,5
3833,5
3834,5
3835,3
3836,5
3837,3
3838,5
3839,5
3840,3
3841,5
3842,5
3843,5
3844,5
3845,5
3846,3
3847,1
3848,3
3849,5
3850,5
3851,5
3852,5
3853,5
3854,3
3855,5
3856,3
3857,5
3858,5
3859,5
3860,5
3861,3
3862,1
3863,5
3864,5
3865,1
3866,1
3867,5
3868,5
3869,5
3870,5
3871,5
3872,5
3873,5
3874,5
3875,5
3876,5
3877,5
3878,5
3879,1
3880,5
3881,5
3882,5
3883,3
3884,5
3885,5
3886,5
3887,3
3888,1
3889,5
3890,5
3891,5
3892,3
3893,5
3894,5
3895,5
3896,3
3897,5
3898,5
3899,3
3900,5
3901,5
3902,5
3903,5
3904,5
3905,5
3906,5
3907,5
3908,5
3909,3
3910,5
3911,5
3912,5
3913,5
3914,5
3915,5
3916,3
3917,5
3918,5
3919,3
3920,1
3921,5
3922,5
3923,5
3924,5
3925,1
3926,3
3927,5
3928,5
3929,5
3930,5
3931,3
3932,1
3933,3
3934,5
3935,5
3936,5
3937,5
3938,5
3939,5
3940,5
3941,5
3942,5
3943,5
3944,3
3945,5
3946,5
3947,5
3948,5
3949,5
3950,5
3951,5
3952,1
3953,5
3954,3
3955,5
3956,3
3957,5
3958,5
3959,5
3960,1
3961,5
3962,5
3963,5
3964,5
3965,5
3966,1
3967,5
3968,5
3969,5
3970,1
3971,3
3972,5
3973,5
3974,5
3975,5
3976,5
3977,3
3978,3
3979,5
3980,3
3981,3
3982,5
3983,5
3984,5
3985,1
3986,5
3987,1
3988,5
3989,5
3990,3
3991,3
3992,5
3993,5
3994,3
3995,5
3996,5
3997,3
3998,3
3999,5
4000,5
4001,5
4002,1
4003,1
4004,5
4005,1
4006,5
4007,3
4008,5
4009,5
4010,5
4011,5
4012,3
4013,5
4014,3
4015,5
4016,5
4017,5
4018,5
4019,5
4020,1
4021,5
4022,5
4023,5
4024,5
4025,5
4026,5
4027,5
4028,1
4029,5
4030,5
4031,5
4032,5
4033,5
4034,5
4035,5
4036,5
4037,5
4038,5
4039,3
4040,5
4041,5
4042,5
4043,5
4044,5
4045,3
4046,5
4047,5
4048,5
4049,5
4050,5
4051,5
4052,5
4053,5
4054,1
4055,5
4056,5
4057,1
4058,1
4059,5
4060,5
4061,3
4062,3
4063,5
4064,5
4065,5
4066,1
4067,5
4068,1
4069,5
4070,5
4071,3
4072,5
4073,5
4074,5
4075,1
4076,5
4077,5
4078,5
4079,3
4080,5
4081,1
4082,5
4083,5
4084,3
4085,5
4086,3
4087,5
4088,5
4089,5
4090,3
4091,5
4092,3
4093,5
4094,3
4095,5
4096,3
4097,5
4098,5
4099,5
4100,5
4101,1
4102,5
4103,3
4104,5
4105,5
4106,5
4107,5
4108,5
4109,5
4110,5
4111,3
4112,5
4113,5
4114,5
4115,5
4116,5
4117,5
4118,3
4119,5
4120,5
4121,3
4122,5
4123,5
4124,5
4125,5
4126,3
4127,5
4128,5
4129,5
4130,1
4131,3
4132,5
4133,1
4134,5
4135,5
4136,5
4137,5
4138,5
4139,3
4140,3
4141,5
4142,3
4143,5
4144,5
4145,5
4146,5
4147,5
4148,1
4149,3
4150,5
4151,5
4152,5
4153,5
4154,5
4155,3
4156,5
4157,5
4158,5
4159,5
4160,5
4161,5
4162,5
4163,5
4164,1
4165,5
4166,5
4167,5
4168,1
4169,5
4170,5
4171,5
4172,5
4173,5
4174,5
4175,5
4176,3
4177,5
4178,3
4179,5
4180,5
4181,5
4182,5
4183,1
4184,5
4185,5
4186,3
4187,5
4188,5
4189,5
4190,5
4191,5
4192,3
4193,5
4194,5
4195,5
4196,5
4197,5
4198,5
4199,5
4200,5
4201,3
4202,5
4203,5
4204,5
4205,5
4206,5
4207,5
4208,5
4209,5
4210,5
4211,1
4212,1
4213,5
4214,5
4215,1
4216,5
4217,5
4218,5
4219,5
4220,3
4221,5
4222,5
4223,5
4224,5
4225,5
4226,3
4227,1
4228,5
4229,5
4230,5
4231,5
4232,3
4233,5
4234,5
4235,5
4236,5
4237,5
4238,5
4239,5
4240,5
4241,1
4242,5
4243,5
4244,1
4245,5
4246,5
4247,5
4248,5
4249,5
4250,5
4251,5
4252,3
4253,5
4254,5
4255,5
4256,5
4257,5
4258,5
4259,5
4260,5
4261,5
4262,3
4263,5
4264,5
4265,3
4266,5
4267,3
4268,3
4269,5
4270,5
4271,3
4272,5
4273,3
4274,5
4275,3
4276,5
4277,5
4278,5
4279,5
4280,1
4281,5
4282,5
4283,5
4284,5
4285,5
4286,5
4287,5
4288,5
4289,5
4290,5
4291,5
4292,1
4293,5
4294,3
4295,3
4296,1
4297,5
4298,3
4299,5
4300,5
4301,5
4302,1
4303,5
4304,5
4305,5
4306,5
4307,5
4308,5
4309,5
4310,5
4311,5
4312,5
4313,5
4314,5
4315,5
4316,5
4317,5
4318,5
4319,5
4320,5
4321,5
4322,5
4323,3
4324,3
4325,5
4326,5
4327,5
4328,5
4329,5
4330,3
4331,5
4332,5
4333,3
4334,5
4335,5
4336,5
4337,5
4338,5
4339,1
4340,5
4341,3
4342,5
4343,5
4344,1
4345,5
4346,5
4347,5
4348,5
4349,5
4350,1
4351,5
4352,5
4353,3
4354,3
4355,5
4356,5
4357,5
4358,5
4359,5
4360,5
4361,5
4362,5
4363,5
4364,5
4365,1
4366,5
4367,3
4368,1
4369,5
4370,5
4371,3
4372,3
4373,5
4374,5
4375,5
4376,5
4377,5
4378,5
4379,5
4380,5
4381,5
4382,3
4383,5
4384,5
4385,5
4386,5
4387,5
4388,1
4389,1
4390,5
4391,5
4392,5
4393,5
4394,5
4395,1
4396,3
4397,5
4398,5
4399,5
4400,5
4401,5
4402,5
4403,5
4404,5
4405,5
4406,5
4407,5
4408,5
4409,5
4410,5
4411,5
4412,1
4413,5
4414,5
4415,5
4416,5
4417,5
4418,3
4419,5
4420,5
4421,5
4422,5
4423,5
4424,5
4425,5
4426,5
4427,5
4428,5
4429,5
4430,5
4431,3
4432,5
4433,3
4434,5
4435,5
4436,5
4437,5
4438,3
4439,3
4440,5
4441,3
4442,5
4443,5
4444,3
4445,5
4446,5
4447,3
4448,5
4449,5
4450,5
4451,5
4452,5
4453,5
4454,5
4455,1
4456,5
4457,5
4458,5
4459,5
4460,5
4461,5
4462,5
4463,5
4464,5
4465,5
4466,5
4467,3
4468,5
4469,5
4470,5
4471,3
4472,5
4473,5
4474,5
4475,5
4476,5
4477,5
4478,5
4479,5
4480,5
4481,5
4482,5
4483,5
4484,5
4485,5
4486,5
4487,3
4488,5
4489,1
4490,5
4491,5
4492,3
4493,5
4494,5
4495,5
4496,5
4497,5
4498,5
4499,5
4500,5
4501,1
4502,5
4503,5
4504,5
4505,3
4506,3
4507,3
4508,3
4509,5
4510,5
4511,1
4512,5
4513,5
4514,5
4515,5
4516,3
4517,5
4518,3
4519,5
4520,5
4521,5
4522,3
4523,5
4524,5
4525,5
4526,5
4527,1
4528,3
4529,1
4530,3
4531,5
4532,5
4533,5
4534,5
4535,5
4536,5
4537,5
4538,5
4539,5
4540,3
4541,5
4542,5
4543,5
4544,5
4545,5
4546,5
4547,5
4548,5
4549,5
4550,5
4551,5
4552,5
4553,5
4554,1
4555,5
4556,1
4557,3
4558,5
4559,5
4560,5
4561,1
4562,5
4563,1
4564,1
4565,5
4566,5
4567,5
4568,5
4569,5
4570,5
4571,5
4572,5
4573,3
4574,5
4575,5
4576,5
4577,1
4578,3
4579,5
4580,5
4581,5
4582,5
4583,5
4584,3
4585,5
4586,5
4587,5
4588,5
4589,5
4590,5
4591,5
4592,5
4593,3
4594,5
4595,5
4596,5
4597,5
4598,5
4599,5
4600,5
4601,5
4602,3
4603,3
4604,5
4605,3
4606,5
4607,5
4608,5
4609,1
4610,5
4611,5
4612,5
4613,5
4614,5
4615,5
4616,5
4617,5
4618,5
4619,5
4620,5
4621,5
4622,5
4623,5
4624,3
4625,5
4626,5
4627,5
4628,5
4629,1
4630,1
4631,3
4632,5
4633,5
4634,5
4635,5
4636,1
4637,5
4638,5
4639,5
4640,5
4641,5
4642,5
4643,3
4644,5
4645,3
4646,5
4647,5
4648,3
4649,5
4650,5
4651,5
4652,5
4653,5
4654,5
4655,5
4656,5
4657,5
4658,3
4659,5
4660,5
4661,3
4662,5
4663,1
4664,5
4665,5
4666,5
4667,5
4668,5
4669,1
4670,5
4671,3
4672,5
4673,1
4674,3
4675,5
4676,5
4677,5
4678,5
4679,5
4680,5
4681,5
4682,3
4683,5
4684,5
4685,3
4686,5
4687,5
4688,5
4689,5
4690,5
4691,5
4692,5
4693,5
4694,5
4695,5
4696,1
4697,3
4698,5
4699,5
4700,5
4701,1
4702,5
4703,3
4704,5
4705,5
4706,5
4707,1
4708,5
4709,5
4710,5
4711,5
4712,5
4713,5
4714,5
4715,3
4716,1
4717,5
4718,1
4719,5
4720,5
4721,3
4722,5
4723,5
4724,5
4725,5
4726,1
4727,5
4728,5
4729,5
4730,5
4731,5
4732,5
4733,5
4734,5
4735,5
4736,5
4737,5
4738,5
4739,5
4740,5
4741,5
4742,5
4743,5
4744,5
4745,1
4746,3
4747,5
4748,5
4749,3
4750,5
4751,5
4752,1
4753,3
4754,5
4755,3
4756,5
4757,3
4758,5
4759,3
4760,5
4761,5
4762,5
4763,5
4764,1
4765,5
4766,5
4767,3
4768,5
4769,5
4770,5
4771,5
4772,1
4773,3
4774,5
4775,5
4776,5
4777,1
4778,5
4779,5
4780,5
4781,5
4782,5
4783,1
4784,5
4785,5
4786,5
4787,5
4788,5
4789,5
4790,5
4791,5
4792,3
4793,5
4794,5
4795,5
4796,3
4797,3
4798,5
4799,5
4800,5
4801,5
4802,5
4803,5
4804,5
4805,5
4806,5
4807,5
4808,3
4809,5
4810,1
4811,5
4812,5
4813,5
4814,3
4815,5
4816,5
4817,3
4818,5
4819,5
4820,1
4821,5
4822,5
4823,5
4824,5
4825,5
4826,5
4827,5
4828,5
4829,5
4830,5
4831,5
4832,3
4833,3
4834,5
4835,1
4836,5
4837,5
4838,5
4839,5
4840,5
4841,5
4842,5
4843,5
4844,5
4845,5
4846,1
4847,5
4848,5
4849,5
4850,1
4851,5
4852,5
4853,1
4854,5
4855,5
4856,5
4857,5
4858,5
4859,5
4860,5
4861,5
4862,5
4863,5
4864,1
4865,5
4866,5
4867,3
4868,5
4869,3
4870,5
4871,5
4872,5
4873,1
4874,5
4875,5
4876,5
4877,3
4878,5
4879,5
4880,5
4881,3
4882,5
4883,5
4884,1
4885,5
4886,5
4887,5
4888,5
4889,5
4890,5
4891,5
4892,5
4893,3
4894,3
4895,5
4896,5
4897,3
4898,1
4899,5
4900,5
4901,5
4902,5
4903,5
4904,5
4905,5
4906,5
4907,3
4908,1
4909,5
4910,3
4911,5
4912,5
4913,5
4914,5
4915,1
4916,5
4917,3
4918,5
4919,5
4920,5
4921,5
4922,5
4923,5
4924,5
4925,5
4926,1
4927,5
4928,3
4929,5
4930,5
4931,5
4932,1
4933,5
4934,5
4935,5
4936,1
4937,5
4938,3
4939,5
4940,5
4941,5
4942,1
4943,3
4944,5
4945,1
4946,5
4947,5
4948,5
4949,5
4950,5
4951,1
4952,5
4953,1
4954,3
4955,5
4956,5
4957,5
4958,5
4959,5
4960,5
4961,5
4962,3
4963,1
4964,3
4965,3
4966,5
4967,5
4968,1
4969,3
4970,5
4971,3
4972,1
4973,5
4974,5
4975,5
4976,1
4977,1
4978,5
4979,5
4980,5
4981,5
4982,5
4983,5
4984,5
4985,5
4986,5
4987,5
4988,5
4989,5
4990,5
4991,1
4992,5
4993,5
4994,5
4995,5
4996,5
4997,5
4998,5
4999,3
5000,5
5001,5
5002,1
5003,3
5004,5
5005,5
5006,5
5007,5
5008,1
5009,5
5010,3
5011,1
5012,5
5013,5
5014,5
5015,1
5016,5
5017,5
5018,3
5019,5
5020,5
5021,5
5022,5
5023,5
5024,5
5025,5
5026,3
5027,5
5028,5
5029,5
5030,5
5031,5
5032,1
5033,5
5034,5
5035,5
5036,5
5037,5
5038,5
5039,5
5040,5
5041,5
5042,3
5043,3
5044,5
5045,5
5046,5
5047,3
5048,5
5049,5
5050,3
5051,5
5052,5
5053,3
5054,5
5055,5
5056,5
5057,3
5058,5
5059,5
5060,5
5061,5
5062,5
5063,3
5064,5
5065,5
5066,5
5067,3
5068,3
5069,3
5070,5
5071,5
5072,5
5073,5
5074,5
5075,3
5076,1
5077,3
5078,5
5079,3
5080,3
5081,5
5082,1
5083,1
5084,5
5085,3
5086,5
5087,5
5088,5
5089,5
5090,5
5091,3
5092,3
5093,5
5094,5
5095,5
5096,3
5097,3
5098,5
5099,5
5100,5
5101,5
5102,5
5103,5
5104,3
5105,5
5106,5
5107,5
5108,3
5109,1
5110,5
5111,5
5112,3
5113,5
5114,5
5115,5
5116,5
5117,1
5118,5
5119,5
5120,3
5121,5
5122,5
5123,5
5124,5
5125,5
5126,5
5127,5
5128,3
5129,5
5130,5
5131,5
5132,5
5133,5
5134,5
5135,3
5136,5
5137,5
5138,5
5139,3
5140,5
5141,1
5142,1
5143,3
5144,5
5145,3
5146,5
5147,3
5148,5
5149,5
5150,5
5151,5
5152,5
5153,5
5154,5
5155,5
5156,5
5157,5
5158,5
5159,5
5160,5
5161,5
5162,1
5163,5
5164,5
5165,3
5166,5
5167,5
5168,5
5169,5
5170,3
5171,5
5172,3
5173,5
5174,5
5175,3
5176,5
5177,5
5178,3
5179,5
5180,3
5181,5
5182,5
5183,5
5184,5
5185,5
5186,5
5187,5
5188,5
5189,1
5190,5
5191,1
5192,5
5193,5
5194,5
5195,3
5196,3
5197,5
5198,5
5199,5
5200,5
5201,3
5202,5
5203,5
5204,3
5205,5
5206,1
5207,3
5208,5
5209,5
5210,5
5211,5
5212,5
5213,5
5214,5
5215,5
5216,5
5217,5
5218,1
5219,3
5220,5
5221,5
5222,3
5223,3
5224,5
5225,5
5226,3
5227,3
5228,5
5229,5
5230,5
5231,5
5232,1
5233,5
5234,5
5235,5
5236,5
5237,1
5238,3
5239,1
5240,5
5241,5
5242,3
5243,5
5244,5
5245,5
5246,5
5247,5
5248,5
5249,5
5250,5
5251,5
5252,5
5253,1
5254,5
5255,1
5256,5
5257,5
5258,3
5259,5
5260,5
5261,1
5262,3
5263,5
5264,5
5265,5
5266,1
5267,5
5268,3
5269,5
5270,5
5271,3
5272,5
5273,5
5274,5
5275,5
5276,5
5277,5
5278,5
5279,5
5280,3
5281,3
5282,5
5283,5
5284,1
5285,5
5286,5
5287,5
5288,5
5289,3
5290,3
5291,5
5292,3
5293,5
5294,5
5295,5
5296,5
5297,5
5298,5
5299,5
5300,1
5301,5
5302,5
5303,5
5304,5
5305,5
5306,3
5307,5
5308,5
5309,1
5310,1
5311,5
5312,5
5313,5
5314,1
5315,5
5316,3
5317,5
5318,5
5319,5
5320,1
5321,1
5322,5
5323,5
5324,5
5325,5
5326,5
5327,5
5328,5
5329,5
5330,1
5331,5
5332,3
5333,3
5334,5
5335,5
5336,3
5337,5
5338,5
5339,3
5340,5
5341,5
5342,5
5343,5
5344,5
5345,1
5346,3
5347,5
5348,5
5349,5
5350,5
5351,5
5352,5
5353,5
5354,5
5355,3
5356,5
5357,5
5358,5
5359,3
5360,5
5361,5
5362,5
5363,3
5364,5
5365,5
5366,5
5367,5
5368,5
5369,5
5370,1
5371,3
5372,5
5373,5
5374,3
5375,5
5376,5
5377,5
5378,5
5379,5
5380,3
5381,1
5382,3
5383,5
5384,5
5385,5
5386,5
5387,5
5388,5
5389,5
5390,5
5391,5
5392,5
5393,5
5394,5
5395,1
5396,5
5397,5
5398,5
5399,5
5400,5
5401,5
5402,3
5403,5
5404,5
5405,5
5406,5
5407,1
5408,5
5409,5
5410,5
5411,5
5412,5
5413,5
5414,5
5415,5
5416,1
5417,5
5418,5
5419,3
5420,5
5421,5
5422,5
5423,5
5424,5
5425,1
5426,3
5427,5
5428,5
5429,5
5430,5
5431,5
5432,5
5433,5
5434,5
5435,5
5436,5
5437,3
5438,5
5439,5
5440,5
5441,5
5442,5
5443,3
5444,3
5445,5
5446,1
5447,5
5448,5
5449,5
5450,5
5451,5
5452,5
5453,5
5454,5
5455,5
5456,5
5457,5
5458,5
5459,5
5460,5
5461,1
5462,5
5463,5
5464,1
5465,5
5466,3
5467,5
5468,5
5469,5
5470,5
5471,5
5472,3
5473,5
5474,5
5475,5
5476,3
5477,5
5478,5
5479,5
5480,5
5481,5
5482,5
5483,5
5484,5
5485,5
5486,5
5487,5
5488,5
5489,5
5490,3
5491,5
5492,1
5493,5
5494,5
5495,5
5496,5
5497,1
5498,5
5499,5
5500,5
5501,5
5502,3
5503,5
5504,5
5505,5
5506,5
5507,5
5508,5
5509,3
5510,3
5511,5
5512,5
5513,5
5514,3
5515,5
5516,5
5517,5
5518,5
5519,5
5520,5
5521,5
5522,5
5523,5
5524,3
5525,5
5526,3
5527,1
5528,5
5529,5
5530,5
5531,5
5532,5
5533,5
5534,3
5535,5
5536,5
5537,5
5538,5
5539,3
5540,5
5541,5
5542,5
5543,5
5544,5
5545,5
5546,5
5547,5
5548,5
5549,5
5550,5
5551,3
5552,5
5553,5
5554,5
5555,5
5556,5
5557,5
5558,5
5559,5
5560,3
5561,3
5562,1
5563,5
5564,5
5565,5
5566,5
5567,3
5568,5
5569,1
5570,5
5571,5
5572,5
5573,1
5574,5
5575,5
5576,5
5577,5
5578,3
5579,5
5580,5
5581,5
5582,3
5583,5
5584,5
5585,3
5586,5
5587,5
5588,5
5589,5
5590,3
5591,5
5592,5
5593,5
5594,5
5595,5
5596,1
5597,3
5598,3
5599,1
5600,3
5601,5
5602,5
5603,5
5604,5
5605,5
5606,5
5607,5
5608,1
5609,5
5610,3
5611,1
5612,5
5613,5
5614,1
5615,5
5616,1
5617,1
5618,5
5619,5
5620,5
5621,5
5622,3
5623,5
5624,5
5625,3
5626,5
5627,5
5628,5
5629,1
5630,5
5631,5
5632,3
5633,5
5634,5
5635,3
5636,5
5637,5
5638,3
5639,5
5640,5
5641,5
5642,5
5643,5
5644,5
5645,5
5646,5
5647,5
5648,5
5649,5
5650,3
5651,5
5652,5
5653,5
5654,5
5655,5
5656,5
5657,5
5658,5
5659,5
5660,5
5661,5
5662,5
5663,5
5664,5
5665,1
5666,5
5667,5
5668,5
5669,3
5670,3
5671,5
5672,5
5673,5
5674,3
5675,5
5676,5
5677,5
5678,5
5679,5
5680,5
5681,5
5682,5
5683,5
5684,5
5685,3
5686,5
5687,1
5688,5
5689,1
5690,5
5691,5
5692,5
5693,5
5694,5
5695,1
5696,5
5697,5
5698,5
5699,5
5700,1
5701,5
5702,5
5703,5
5704,5
5705,5
5706,5
5707,1
5708,5
5709,5
5710,5
5711,5
5712,5
5713,5
5714,5
5715,5
5716,5
5717,5
5718,5
5719,5
5720,1
5721,3
5722,5
5723,5
5724,1
5725,5
5726,5
5727,3
5728,5
5729,5
5730,5
5731,5
5732,3
5733,5
5734,3
5735,5
5736,3
5737,5
5738,1
5739,5
5740,5
5741,5
5742,5
5743,5
5744,5
5745,5
5746,5
5747,5
5748,5
5749,5
5750,5
5751,5
5752,5
5753,5
5754,5
5755,3
5756,5
5757,5
5758,5
5759,3
5760,5
5761,5
5762,5
5763,5
5764,3
5765,5
5766,1
5767,3
5768,5
5769,5
5770,5
5771,5
5772,5
5773,5
5774,5
5775,5
5776,5
5777,5
5778,1
5779,5
5780,1
5781,1
5782,5
5783,5
5784,5
5785,5
5786,5
5787,5
5788,1
5789,5
5790,5
5791,1
5792,5
5793,1
5794,5
5795,5
5796,5
5797,5
5798,5
5799,5
5800,5
5801,3
5802,5
5803,5
5804,5
5805,5
5806,5
5807,5
5808,3
5809,5
5810,5
5811,5
5812,5
5813,3
5814,5
5815,5
5816,5
5817,3
5818,5
5819,5
5820,1
5821,1
5822,5
5823,3
5824,5
5825,5
5826,5
5827,5
5828,1
5829,5
5830,5
5831,3
5832,1
5833,5
5834,3
5835,5
5836,3
5837,5
5838,5
5839,5
5840,5
5841,3
5842,5
5843,1
5844,5
5845,5
5846,5
5847,5
5848,3
5849,1
5850,5
5851,5
5852,5
5853,3
5854,5
5855,5
5856,5
5857,1
5858,5
5859,1
5860,3
5861,5
5862,5
5863,3
5864,5
5865,1
5866,3
5867,5
5868,3
5869,5
5870,5
5871,5
5872,5
5873,1
5874,5
5875,5
5876,5
5877,5
5878,5
5879,5
5880,3
5881,5
5882,5
5883,1
5884,5
5885,1
5886,5
5887,5
5888,5
5889,5
5890,5
5891,5
5892,5
5893,5
5894,5
5895,5
5896,5
5897,5
5898,5
5899,1
5900,5
5901,5
5902,5
5903,5
5904,5
5905,5
5906,5
5907,5
5908,5
5909,5
5910,5
5911,5
5912,5
5913,3
5914,1
5915,5
5916,5
5917,5
5918,5
5919,5
5920,5
5921,5
5922,5
5923,5
5924,5
5925,5
5926,5
5927,1
5928,5
5929,5
5930,5
5931,1
5932,5
5933,5
5934,5
5935,5
5936,5
5937,1
5938,5
5939,3
5940,5
5941,3
5942,5
5943,5
5944,3
5945,5
5946,1
5947,5
5948,5
5949,3
5950,5
5951,5
5952,1
5953,5
5954,5
5955,5
5956,5
5957,5
5958,1
5959,5
5960,5
5961,5
5962,5
5963,5
5964,5
5965,1
5966,5
5967,5
5968,5
5969,5
5970,5
5971,5
5972,5
5973,5
5974,5
5975,5
5976,5
5977,5
5978,3
5979,5
5980,5
5981,5
5982,3
5983,5
5984,5
5985,3
5986,3
5987,3
5988,5
5989,5
5990,5
5991,5
5992,3
5993,5
5994,5
5995,5
5996,5
5997,5
5998,3
5999,5
6000,5
6001,5
6002,5
6003,5
6004,5
6005,5
6006,5
6007,3
6008,1
6009,5
6010,1
6011,5
6012,5
6013,1
6014,5
6015,5
6016,5
6017,5
6018,5
6019,3
6020,5
6021,3
6022,5
6023,5
6024,5
6025,5
6026,5
6027,3
6028,3
6029,3
6030,3
6031,3
6032,5
6033,3
6034,5
6035,3
6036,3
6037,5
6038,5
6039,5
6040,5
6041,3
6042,1
6043,5
6044,5
6045,5
6046,5
6047,5
6048,5
6049,5
6050,5
6051,5
6052,5
6053,5
6054,5
6055,5
6056,5
6057,5
6058,5
6059,5
6060,5
6061,3
6062,5
6063,3
6064,5
6065,5
6066,1
6067,3
6068,1
6069,5
6070,5
6071,3
6072,1
6073,1
6074,5
6075,3
6076,5
6077,5
6078,5
6079,1
6080,5
6081,5
6082,5
6083,3
6084,5
6085,5
6086,3
6087,5
6088,5
6089,5
6090,3
6091,3
6092,5
6093,5
6094,5
6095,5
6096,5
6097,1
6098,5
6099,5
6100,5
6101,5
6102,5
6103,5
6104,5
6105,5
6106,1
6107,1
6108,5
6109,5
6110,1
6111,5
6112,5
6113,1
6114,5
6115,3
6116,5
6117,5
6118,5
6119,5
6120,5
6121,5
6122,5
6123,5
6124,3
6125,5
6126,5
6127,5
6128,3
6129,5
6130,1
6131,5
6132,5
6133,5
6134,5
6135,5
6136,5
6137,5
6138,5
6139,5
6140,1
6141,5
6142,5
6143,5
6144,1
6145,5
6146,5
6147,5
6148,3
6149,5
6150,5
6151,5
6152,1
6153,5
6154,3
6155,5
6156,3
6157,5
6158,5
6159,5
6160,5
6161,5
6162,5
6163,1
6164,5
6165,5
6166,1
6167,5
6168,5
6169,1
6170,5
6171,5
6172,5
6173,5
6174,5
6175,5
6176,5
6177,5
6178,5
6179,5
6180,5
6181,5
6182,1
6183,5
6184,5
6185,5
6186,5
6187,3
6188,5
6189,5
6190,5
6191,5
6192,1
6193,5
6194,5
6195,5
6196,5
6197,5
6198,3
6199,5
6200,5
6201,3
6202,5
6203,5
6204,5
6205,5
6206,5
6207,5
6208,5
6209,3
6210,3
6211,5
6212,5
6213,3
6214,5
6215,5
6216,5
6217,3
6218,5
6219,1
6220,5
6221,5
6222,1
6223,3
6224,5
6225,5
6226,5
6227,3
6228,5
6229,5
6230,1
6231,5
6232,5
6233,5
6234,5
6235,5
6236,3
6237,5
6238,3
6239,5
6240,1
6241,5
6242,5
6243,5
6244,5
6245,1
6246,3
6247,5
6248,3
6249,5
6250,5
6251,1
6252,5
6253,5
6254,5
6255,5
6256,5
6257,5
6258,3
6259,5
6260,5
6261,3
6262,5
6263,5
6264,5
6265,1
6266,3
6267,5
6268,1
6269,5
6270,5
6271,3
6272,5
6273,5
6274,3
6275,3
6276,5
6277,5
6278,5
6279,3
6280,5
6281,5
6282,3
6283,5
6284,5
6285,5
6286,3
6287,5
6288,5
6289,5
6290,5
6291,3
6292,1
6293,3
6294,5
6295,5
6296,5
6297,5
6298,5
6299,3
6300,5
6301,5
6302,5
6303,5
6304,3
6305,5
6306,5
6307,5
6308,5
6309,5
6310,5
6311,5
6312,1
6313,5
6314,5
6315,5
6316,5
6317,5
6318,5
6319,5
6320,5
6321,5
6322,5
6323,5
6324,5
6325,5
6326,5
6327,5
6328,5
6329,5
6330,1
6331,5
6332,5
6333,5
6334,5
6335,1
6336,3
6337,5
6338,5
6339,5
6340,5
6341,5
6342,5
6343,5
6344,5
6345,3
6346,5
6347,5
6348,3
6349,5
6350,5
6351,5
6352,5
6353,5
6354,5
6355,5
6356,5
6357,5
6358,5
6359,3
6360,5
6361,5
6362,5
6363,5
6364,5
6365,5
6366,5
6367,3
6368,5
6369,5
6370,1
6371,3
6372,5
6373,5
6374,5
6375,5
6376,3
6377,5
6378,5
6379,5
6380,3
6381,5
6382,5
6383,1
6384,5
6385,5
6386,5
6387,5
6388,5
6389,1
6390,5
6391,5
6392,5
6393,5
6394,5
6395,5
6396,5
6397,5
6398,5
6399,3
6400,1
6401,5
6402,5
6403,5
6404,5
6405,5
6406,5
6407,5
6408,5
6409,3
6410,1
6411,5
6412,5
6413,5
6414,1
6415,3
6416,3
6417,5
6418,5
6419,5
6420,5
6421,5
6422,3
6423,5
6424,3
6425,5
6426,5
6427,5
6428,5
6429,1
6430,3
6431,5
6432,5
6433,5
6434,5
6435,5
6436,3
6437,1
6438,5
6439,3
6440,5
6441,3
6442,5
6443,5
6444,5
6445,1
6446,5
6447,5
6448,5
6449,3
6450,5
6451,5
6452,5
6453,5
6454,5
6455,5
6456,5
6457,5
6458,5
6459,5
6460,5
6461,1
6462,5
6463,3
6464,3
6465,5
6466,5
6467,5
6468,5
6469,5
6470,5
6471,5
6472,5
6473,5
6474,1
6475,5
6476,5
6477,5
6478,3
6479,5
6480,5
6481,5
6482,5
6483,5
6484,5
6485,5
6486,5
6487,1
6488,5
6489,5
6490,5
6491,5
6492,3
6493,5
6494,5
6495,5
6496,1
6497,5
6498,5
6499,5
6500,3
6501,3
6502,5
6503,5
6504,1
6505,5
6506,5
6507,5
6508,5
6509,5
6510,5
6511,3
6512,5
6513,5
6514,5
6515,1
6516,5
6517,1
6518,5
6519,3
6520,5
6521,5
6522,5
6523,5
6524,5
6525,5
6526,1
6527,5
6528,5
6529,5
6530,5
6531,3
6532,5
6533,5
6534,5
6535,5
6536,3
6537,5
6538,5
6539,5
6540,5
6541,3
6542,3
6543,5
6544,5
6545,5
6546,5
6547,1
6548,5
6549,1
6550,5
6551,5
6552,3
6553,5
6554,5
6555,5
6556,5
6557,5
6558,1
6559,5
6560,1
6561,5
6562,5
6563,5
6564,3
6565,5
6566,5
6567,3
6568,1
6569,3
6570,3
6571,3
6572,5
6573,5
6574,5
6575,5
6576,5
6577,5
6578,3
6579,3
6580,5
6581,5
6582,5
6583,5
6584,5
6585,5
6586,5
6587,5
6588,5
6589,5
6590,5
6591,5
6592,5
6593,1
6594,5
6595,5
6596,5
6597,5
6598,5
6599,5
6600,5
6601,5
6602,3
6603,5
6604,5
6605,5
6606,5
6607,5
6608,5
6609,5
6610,5
6611,3
6612,5
6613,5
6614,5
6615,5
6616,5
6617,3
6618,3
6619,5
6620,5
6621,5
6622,5
6623,1
6624,1
6625,5
6626,3
6627,5
6628,3
6629,5
6630,5
6631,5
6632,5
6633,5
6634,5
6635,3
6636,5
6637,5
6638,5
6639,5
6640,3
6641,5
6642,1
6643,5
6644,5
6645,1
6646,5
6647,5
6648,5
6649,5
6650,5
6651,5
6652,5
6653,3
6654,3
6655,5
6656,5
6657,5
6658,5
6659,1
6660,5
6661,5
6662,5
6663,5
6664,1
6665,5
6666,5
6667,5
6668,5
6669,5
6670,5
6671,5
6672,1
6673,5
6674,5
6675,1
6676,5
6677,5
6678,5
6679,5
6680,5
6681,5
6682,5
6683,5
6684,3
6685,5
6686,3
6687,5
6688,5
6689,5
6690,1
6691,5
6692,5
6693,5
6694,5
6695,5
6696,5
6697,5
6698,3
6699,1
6700,5
6701,1
6702,3
6703,3
6704,5
6705,5
6706,5
6707,5
6708,5
6709,5
6710,5
6711,5
6712,5
6713,5
6714,5
6715,5
6716,1
6717,5
6718,3
6719,5
6720,5
6721,5
6722,5
6723,5
6724,5
6725,3
6726,5
6727,5
6728,1
6729,5
6730,5
6731,5
6732,5
6733,1
6734,5
6735,5
6736,5
6737,5
6738,5
6739,5
6740,5
6741,5
6742,1
6743,1
6744,5
6745,5
6746,5
6747,3
6748,1
6749,1
6750,1
6751,5
6752,5
6753,5
6754,5
6755,5
6756,5
6757,5
6758,5
6759,5
6760,5
6761,5
6762,1
6763,5
6764,3
6765,5
6766,5
6767,5
6768,5
6769,5
6770,5
6771,3
6772,1
6773,5
6774,5
6775,5
6776,5
6777,5
6778,1
6779,5
6780,5
6781,5
6782,5
6783,1
6784,5
6785,5
6786,5
6787,5
6788,3
6789,5
6790,5
6791,5
6792,5
6793,5
6794,1
6795,1
6796,5
6797,1
6798,5
6799,5
6800,5
6801,5
6802,5
6803,5
6804,5
6805,5
6806,5
6807,5
6808,5
6809,1
6810,5
6811,5
6812,5
6813,5
6814,1
6815,3
6816,5
6817,5
6818,5
6819,5
6820,5
6821,5
6822,5
6823,3
6824,5
6825,3
6826,5
6827,5
6828,5
6829,5
6830,1
6831,5
6832,5
6833,5
6834,5
6835,5
6836,5
6837,5
6838,5
6839,5
6840,5
6841,5
6842,5
6843,5
6844,3
6845,5
6846,3
6847,5
6848,5
6849,3
6850,5
6851,5
6852,5
6853,3
6854,5
6855,5
6856,3
6857,5
6858,5
6859,5
6860,1
6861,5
6862,5
6863,5
6864,5
6865,5
6866,3
6867,3
6868,3
6869,5
6870,1
6871,5
6872,5
6873,5
6874,1
6875,5
6876,5
6877,3
6878,5
6879,5
6880,5
6881,5
6882,5
6883,5
6884,5
6885,5
6886,5
6887,3
6888,5
6889,5
6890,5
6891,5
6892,5
6893,5
6894,5
6895,5
6896,5
6897,5
6898,5
6899,3
6900,5
6901,5
6902,5
6903,5
6904,3
6905,5
6906,3
6907,3
6908,5
6909,5
6910,1
6911,5
6912,5
6913,5
6914,5
6915,5
6916,3
6917,5
6918,5
6919,3
6920,3
6921,5
6922,5
6923,5
6924,3
6925,5
6926,5
6927,5
6928,5
6929,5
6930,3
6931,5
6932,5
6933,5
6934,5
6935,5
6936,5
6937,5
6938,5
6939,3
6940,3
6941,5
6942,5
6943,5
6944,3
6945,5
6946,5
6947,5
6948,5
6949,3
6950,5
6951,5
6952,5
6953,5
6954,5
6955,5
6956,5
6957,5
6958,1
6959,5
6960,5
6961,5
6962,3
6963,5
6964,5
6965,3
6966,5
6967,5
6968,5
6969,5
6970,5
6971,5
6972,5
6973,3
6974,5
6975,5
6976,5
6977,5
6978,3
6979,5
6980,5
6981,5
6982,5
6983,1
6984,5
6985,5
6986,5
6987,5
6988,3
6989,5
6990,5
6991,5
6992,5
6993,3
6994,1
6995,5
6996,5
6997,5
6998,5
6999,5
7000,5
7001,5
7002,5
7003,5
7004,5
7005,5
7006,5
7007,5
7008,5
7009,5
7010,5
7011,3
7012,5
7013,3
7014,5
7015,5
7016,5
7017,5
7018,5
